e65a3a1d-ab47-4a91-8a11-41d25cda2d73,171
a0cc3948-ed3d-423f-a0d0-e24a1847ed32,933
ecc18e2f-acbe-451f-bd23-3beb547c8aed,692
19d05021-1f25-4ee9-b085-3159037b15d6,221
895e3d1a-0e23-4b03-823c-52ab553fad4a,518
31fdc3d0-14d3-46c3-b73c-5deb3912c999,945
2d78a6d3-9584-4b19-a365-642f167b8197,632
c4ed8182-d193-45d7-89f8-cbefbab7f776,541
5d91b4b0-6589-4b25-b3d0-6d5a560ecf80,199
004ec2c4-ab6a-4196-84f2-f5e04c9e42cc,371
b326ba7e-1d72-4d5c-8caa-eb0911884a71,617
b8b033d6-d10a-4113-8d64-0debd2800bd5,542
239f3dbd-dc72-4bd3-a3ff-dd339a0d2954,869
5c83a8f4-b859-44c4-ac4e-0267d6381650,604
576ff042-504f-437f-b3d9-67fc1f9e220c,535
bd630d49-22f3-4832-9f89-dc36556e3498,960
df97a71e-2d5b-4141-ac10-bd2b1b3a693a,845
05a5bf3b-82f7-43ad-9b99-b071f6515b66,857
771495fa-ff03-49c9-8cb8-af3002afbb6f,488
4555b37d-9c92-42d3-989b-0aed2cceb72b,697
119f1351-c4f0-4d4c-999b-057cbd7ccd39,370
dfe11b76-aca2-448e-a53d-f30b9c895e72,680
b1540aa3-aa6e-4437-8a05-db9b13db7939,419
3a1962dc-bfea-4737-8e71-5ffc0ea3c6d0,880
2561b64c-445a-4e91-8262-f8b508ce3ee7,217
e351ae12-ae62-405a-8e1c-b8d85fe44ef1,979
568df18e-b828-4f56-baa1-e7eb3573edcb,630
a7cb41df-8ed6-415e-8b44-8c32e353533b,825
b855f9e2-2a26-40a3-a19d-3513b012cc9c,139
e656e423-c250-4f35-85aa-3bc759cd9e91,608
28b6a851-fe6e-4f83-b05b-050d4f4358b9,397
493d9aac-49bb-4a4c-86da-58c8dc369631,996
620e60a2-3797-4bb8-a242-649501c05970,461
ce72679c-0527-4fd7-bc68-ab558da39d6f,904
f065ecb8-0ce6-4cbe-a27a-b09c83326b13,824
8258aaa9-35c3-48ca-8037-5ebc9642a3a2,659
e992d86e-8011-470c-b537-df4d40558a60,887
e113f326-aea4-4645-88e9-44e4af015be2,523
2ee32095-5884-4e1c-ab9c-751428e63848,157
c5767c71-e7bd-4ae6-a593-f31a734767d1,136
bd3426a5-d675-4cd7-a0cb-500d41efdd2c,433
2b0e62c0-266e-421d-a9af-fe70c701f07d,115
13a29a94-6c9b-40c3-84b2-b3d5e2ec01b5,601
1caf4e9d-b23b-4380-9f0d-d65c47c7662a,68
0dfd1137-323c-4d3d-86e3-384347d8934a,265
71e10621-817b-4fbd-ac7d-459c02053e13,735
79af11ae-d53b-49d3-899f-3b802d50de88,604
b4c5ff25-6734-4f17-bfac-e5858648492f,365
a4765080-f051-4beb-82a4-a3f78423900d,766
db6ed8d7-84bd-4b35-b8b4-7b5f1ec85d83,226
d0e3866d-3204-4607-9538-64d994ef6016,298
5c82882a-74ef-4ef9-9214-71cdf5f01aac,779
27eafadb-afc4-4ce7-b853-7aa7932095a6,261
27c4ad77-2875-4a0f-b474-4d72840b7eee,332
640a86b9-f727-40f3-a692-2b49dd812abe,320
cf678363-4bd0-4821-8da9-c1cd7412fa43,478
eea369d3-9bf6-433c-ae29-3576d1de0200,607
b04d6364-3fd5-4007-a3cb-af92e143b8a2,907
e8e16474-9bc8-4b1f-bfa1-d46f2ef62aa9,906
8f09ed28-eaa7-4aa7-8cf2-47a7de9f8015,58
3080bbab-42b8-4a5f-9777-80c03c723389,630
8984a59d-1759-429a-b8fb-4cd94981c1ad,275
2bc42153-3616-4b6a-afd1-4dabbbe673fe,990
3d82387d-45c9-4821-848c-c360c4833d31,492
41c21e69-b8db-4022-b21a-8a8aab256c88,688
a7666a1f-a694-4dfd-9075-208d2735d0fb,56
f561cdf8-cc77-48d1-af03-0e78f93d2ae5,266
c286ea7b-e808-4791-bb97-87cbd8b23ec5,115
34b5263e-37fd-44fd-ab05-ec1bec6d74b0,385
eda4cae8-407a-479e-a899-d624db74d776,327
8a683428-2896-426a-8cb2-c598cd12e230,677
ca3ae32e-1fbd-4216-8d14-f46815c48125,845
d5a5953d-87b8-4cce-aefe-280c53823da8,71
4f9d5223-8f9d-40e3-bbec-3ba55292502e,162
d15b9fce-edda-4676-bf52-ad5b3bdf5c25,701
50020904-b699-4109-8631-1d4de0fb7158,315
cd61304e-a002-4ba4-bb66-00ec810d4602,663
a512f541-6664-4ebc-b75e-48a5a2aa1a44,762
67f3399c-57b8-40ac-87bf-89c95cd79999,537
75da5d9a-2ca5-419e-9cdc-207c57697170,454
b450902f-997f-47a2-9f52-278a3f3c0eee,820
3db29a22-39c5-4eae-858f-2498394f0450,399
790ea74d-5fab-4cc2-ba4f-673546a72005,926
b2e0d097-073b-41a3-9746-ebd1e6ca90cf,113
ce0a4490-1de9-42d0-ae7a-33cb68df88c4,104
60bbc84d-c02d-480e-900c-000a4b0e63dd,154
02fdd570-3947-4857-acdf-d4f7c9bd820d,500
45da2e47-2446-4b9b-909d-025b146ab5b8,941
e98ea5a7-3b07-47e0-abe7-351d43429e07,955
dcea6894-4157-4f42-9b82-aaa1e0f166b0,711
54de4c65-5969-4d4d-bc1b-e67e8a6388f4,649
ddc7022f-4c0c-40c1-9299-7ea6ca0df719,522
76e9c114-d6be-4fdb-a9cc-c234d7baa500,574
dd6a2cc5-5c72-4fc0-9d88-b2801f79eecb,198
5440613a-86dd-4da0-9b53-a47680e4cd5a,432
69260141-9572-45eb-994a-ba724c9d5176,950
9aee56b0-7cd0-4a17-bec5-e985f616f253,700
c94bf0b1-56ee-47d3-ae1d-a984dae788e7,181
e3dcab65-d99e-43a2-aafe-4cd1567c7b65,477
ef7d8242-f9a0-4c69-96f8-5b4bb62067a4,488
df6b819b-54cf-4c52-8c62-ddc0d7a21286,92
dd2b66e6-8c31-400f-be4f-0b9d05482862,701
44ac035b-136d-4395-bf00-815e13489133,58
6763c1c8-4814-4edb-90d7-002051ac9aec,357
237ee7de-878e-4aa5-a070-5869e9e8b2f1,779
dc424d8e-7cbb-4995-84e0-06591bfa4d88,245
399f0537-5364-410e-93af-0a9e85f5515b,639
67ded756-54f7-4875-b54f-1c659b09ee13,557
41e6ad14-af3f-445c-9264-fc0681899c34,555
c3526d5d-8b28-4b9c-a793-658e8fc9b854,90
a64ace18-5126-494a-9a24-8bc481723a2b,192
def09087-f986-4a53-abe0-92367ed973f0,66
7bae4dfa-c052-4045-9378-015bb553788e,410
d1248759-4830-4623-b75c-d0b7c740a903,363
d70aef92-278d-4607-82ac-6e5f3204ffa1,269
b524342b-ec2e-4264-9afe-ab2163f14ad4,578
08074c01-5e84-490a-abcc-ae53f3be85dd,698
33e4545d-09ec-4e49-a871-eb6e800e47e9,670
ae1425a5-7852-42be-9bc7-69c9fd0afdc0,314
af0eb2c9-f75f-44c1-9206-e251e90e3d99,64
567cf7d9-da7d-421c-9109-b70c54b73404,485
10d90b0f-fcd1-4bce-aed7-da2b02172de7,467
1bd640d4-b886-43b3-af3d-2b2c73ec68d4,512
8c083855-458c-4f61-9c97-96784dd29f23,669
4f75da27-f92f-4dea-b99c-fe918ad22a71,465
60e0cf00-8ac3-4d06-8b6c-f8edaa61eef8,901
882c7c9f-694f-4d4e-b46b-c59108c7be44,862
7524d6d6-6044-44a2-80e8-6955e96fb5b2,221
75a85655-69d9-43d4-a43d-f5389c85678d,605
5a32a874-e293-4860-8852-311ba8e77e5e,361
5a3f192a-bf4d-463a-ad24-6f59ac78880a,955
44442a80-ee87-4249-9174-7ea431be42a4,649
a3df9f2f-dccc-491f-acde-b3de2183c3eb,611
5b5ca825-6c7a-461a-9873-86c29e7adc65,874
cb7d0b14-66d8-4342-b989-f839e5cdca3d,439
c8511356-5bc9-4574-9d7f-0c6f6b04f266,403
2eeec9e9-672b-4a56-9a73-30f3f1677d16,684
7bbe7b8e-1ce0-49ea-8a2d-b228db3b367e,315
61e0c97b-9d59-4c43-95bf-c60224b6f181,529
f9ccd996-1b37-4216-9892-32e6e91c902f,195
33f391a1-6a9c-4072-81ab-8000865a132b,560
ebbb0598-1116-44d9-b4f2-055592a9635f,368
f9c662eb-f198-4a2c-b1ae-e63a71c33d5f,988
f6a6e0b9-81c8-4e22-b9ec-5bd2868ec9a0,423
adc749a8-2372-4c73-9d80-4ae6bd34fa12,528
a90ca535-b68a-4edb-a8c1-31b7bb2ac945,764
04b1fecf-b42e-494a-9aac-9ef33155586d,209
379e18cd-2620-4283-9532-a125863ffbfd,209
a1201439-9db3-42b0-8bb1-fceb3f8865bd,289
9530f405-36b6-4c3a-a74e-f68f838234d6,934
e3f36576-813b-40f7-8e8c-b926a69738b7,487
ee949874-0cad-4729-b654-0c66797a7b8c,960
3d60249e-a8e9-4cb0-ad2f-41e097d34bf0,278
17a94379-6f11-4beb-be8f-6f30dc51ce61,617
a031481b-350e-40ba-a1b1-5884081d8c39,402
45f4753c-2978-4ae6-880a-fd2b73917f04,630
7d46fe99-0a50-4e21-bb3e-a066e5ebf7a5,292
e18b46e6-a9d1-44a5-b357-60ea6bd1f1bb,838
dc280362-d109-4b66-9bb0-810c958e6dcc,999
82894b21-2ba6-4871-b115-417b79c0c26c,688
22303374-cd8a-4078-b6e8-5d4710c1e0af,493
501cc67f-bb99-471f-a30a-4ba8c1a616bf,58
1f73f9d1-1a43-4dac-88d3-b282c0740f06,713
4bfe5eab-1257-42fc-9943-8e59a1a6a130,713
715dcf29-3e66-41c6-ba4e-6776eb2cbad8,961
d9f37b86-5465-4436-add5-5bde73c998e3,426
7db022cf-00b7-424a-8ec6-a501d1c2c9c9,493
70535c7c-f4e8-45be-99fa-264e1e5129e3,922
dd606033-ab21-4e9c-9846-4fad3c7f1a8d,507
ce26b85a-7eb2-47bd-9c98-aa6c06ce16ae,257
3a910d38-7676-4719-b144-93cebdc19689,559
fe20223d-787a-4054-b3f9-e3b773fe144a,644
f02f1a3c-fb44-4799-b6d9-c8b02ab2f7bc,611
fb018555-141d-4344-9408-250e45be6216,901
7ce9db8e-76ea-4468-812f-71ce0a579066,399
ddecd8bd-9c43-43ce-a6c4-18ea5e2f4ed2,823
532e8e7e-e276-4dda-85f5-27cf26d42bd6,868
2301fef9-3e55-4730-bccf-3142f0aaa89c,322
84bf2803-3694-435f-93c8-7cae2574c5ac,414
777a6449-6deb-4779-a039-ca7b635636c3,434
a82fb8c2-ae20-48c3-bbcb-58ab433c3566,836
efc986e5-55ea-4184-9e97-9d22a3000956,778
79593301-1c12-4c0e-89f7-58a09e5a44dd,873
4b73314e-8cfe-4776-be33-f24c7c3e57c0,204
9f57d56a-f8fa-4a62-94fa-f4e9e1e82afd,91
ff237daa-997b-46e3-b28d-e89a10f3a2a3,885
52df6f9f-a42d-4a1d-a0eb-3f34a9d474b2,183
b3f6dc4c-4237-4d9a-9c95-cc86cd20dd67,715
3a7323bb-ded4-4c28-9846-16f0b1fcb398,640
1953502d-6b87-4fd3-9575-fc54732f5178,58
bdc11736-865a-4b03-a75a-c6d2b2d4b87f,241
afd47b95-ac54-4dd7-bb7a-a9e771387a20,376
3037d21e-3eb4-44fc-b950-012392b3da98,207
e7f7c919-197e-4732-aa37-c21708c18a6c,331
7b58eca0-b102-448b-8798-6d13c0cceba7,807
7bb0c85a-65ad-4277-af54-aca0bdf94b56,96
3aa3b629-2ad2-499f-80c2-ea64d358636d,942
3794b1db-89df-4603-9e6f-da6e1ee0568d,331
bdcb3fe0-b557-406f-9405-30f78e662ce5,306
8f62d920-6f9b-47e2-96d1-1d700d911b35,136
4d195944-f593-4e13-9213-11e84b4e5e5f,121
b8943fd3-9fe6-4e33-9bcb-8c83dfeba83d,385
41b64b88-ffb8-4f31-8fd9-298328ffaba6,457
0e391b15-f3cc-454b-9894-7ad005190c3b,573
4e8f90e3-6293-4540-b607-450add0f25f9,321
e56f5039-dc11-436e-8fbb-86d7426d6c32,980
a5d2f52a-1f72-4edc-9e90-5a0b29ce8108,347
993cb3c8-631c-4b74-9d0e-3b5e5f5a833f,644
8ed902cd-ab9f-4105-93f9-a912f0ee542c,311
ef225726-808b-490f-88a5-322a109e986b,174
4c6615f9-6f43-444b-9e48-e7ca1db61297,677
0b1304e5-08d9-410e-ad03-7542dd6f506c,543
3950e1ee-4edc-4cba-9bb7-4ec9dffa0e26,631
bd10131e-bd07-4421-8399-ed34e237593a,176
974d5dcf-e009-4cb9-926a-851ce90a440f,53
6cf41f46-5c01-47cf-9e70-64b9ba638339,906
f845d5ed-8602-47df-bb3f-1413c603c2d1,581
9cdf84c4-dc33-453f-afd2-df29a71c22e6,820
6ea7c698-f36d-4d27-b173-c8a3a1418552,122
d97046ba-b469-4345-a0e1-daba9945b662,992
72bbf2b8-e610-41f0-a583-87b6b609535b,724
c95eef07-f2c9-49dc-b9a7-c3c970d676aa,928
bcd0fdda-9653-41a6-a8a3-0f3c228e5e4d,730
6f5cb66a-4d00-4675-9c5e-003d1bcfd52c,463
42f7da45-57a6-4bcf-ac1b-16012a2db571,716
0d8ba1f0-2162-4102-ae4c-53d7ddd46b48,321
0326cda5-c3e2-497b-b81a-07a2abf62e9d,963
f3e05c3e-bdfd-410f-8a4c-67f3682261f7,336
3c15949b-3334-4945-ba17-e45012b7f9c7,618
4b0b72bd-ff69-45d2-9b71-1feb96a85880,760
4df80417-f0e8-45d0-bfb9-b5d11c09974e,608
cd9879c3-78f3-47c2-b045-73640415034f,651
ec423fb7-1c65-4f7b-b525-d3a91baf4ff3,99
c3b04883-95df-4c69-9296-df46aab7f182,202
08352c44-fc66-40c8-8d13-406b3e50f1d5,985
ff5e22c5-cd66-44e8-86b8-e308f7acf2c4,315
6c0690f5-b276-4c7b-a2c2-3fb3f51eaae8,398
d24a278a-caf6-4ac8-a0b9-185eebcf8d39,713
2b73f898-d056-4590-8908-23140e27196f,88
59d7b9c3-e65b-4d5c-abf9-6989ca9eef37,711
f4874683-b5f5-4cda-93e8-ccbe42b4d86a,72
22aae78a-dd31-4288-84f4-280badbe0c29,723
a8d46076-0f20-46ef-b18f-64c919504fd5,190
31200c1e-5848-48dd-b2a3-fa1c5a13cab4,393
4150866c-a30f-4b49-bbb8-b9f4d4130162,906
48896555-2e51-480a-bbf8-4dc92f3d8813,814
bfa6dba8-2375-48d4-bdc6-68704f28c74f,170
63659151-4d58-4de4-86ec-1bfa837ba6c2,304
950344b5-edd9-4ba2-b0a9-5c9eb890fbc5,351
a16d12ca-dd6b-44d2-85fa-0e54f38d6739,578
6269d3cd-72e8-4b56-ac21-6a223a365a53,375
2c3e7b0c-535e-4579-b1fe-544f3243002b,915
649e9eac-2a1b-47e2-b0d3-71a10fa7de06,64
1335f070-736c-4021-9e21-e6576216440f,320
3a363a18-9471-4fa9-b67c-586d2cfdd899,783
598942fd-fb49-4a1e-9032-280f5a704658,626
ae572318-5cf6-422f-9561-bcb4be270e7d,528
4776e5f4-9050-4496-9235-07c8066ce725,296
1542cc1d-8fb3-43ba-8d95-ea2e0ffa4913,553
8a7e2d05-ac82-42ee-8d85-04b80dafdde2,834
a6aabeb3-2337-4d4b-8ed2-2918726caf47,882
80770d20-0ffd-41f8-984d-3ec0f3c0d515,263
d065214a-6d88-4ba5-bb29-063d080e8797,994
70e667d3-19b0-495b-9718-649ed9de3c61,131
caadbe60-8d16-404c-9e6f-1508a937eb74,350
ffa1516e-6b91-49b7-a4ed-90974020ee07,447
57b05c10-8cc6-4b7b-bb32-fca30b596133,289
2ac49f0e-4df6-429a-9e3b-5cb0a94ed82c,983
5e221830-0a94-419b-8552-204a2488636e,671
ef002b03-c1ee-43bf-9be7-efe1115b8cbf,275
a1fe8dcc-7c24-4d03-885b-5361b7a7bfac,801
61e9e3fa-d1cb-4d63-9a0e-c974f84f1691,250
f7144238-7ccc-4455-8510-8dae842b7f14,374
2e48ba61-fdd6-4f75-b9c2-219c3ba4ffb5,472
d3622d83-2d49-42b4-951a-03b4f3e1a52b,370
f69a9b4e-71b1-44f3-a618-1a31a3dc66cf,322
7997537d-9a8e-456f-9762-7f6e020e3122,742
c46c624d-4857-4747-8552-4256ec75faa9,231
0d8a5ba8-7703-4ffd-bca4-3ef334d1c001,881
954b25de-72ff-4c67-8b81-260d862a2d61,502
60c9b7db-a790-4439-bbdb-29052abaf6b3,722
24ab92fb-cc6f-4134-a877-3801aafa99cf,952
b066b52e-92f9-4a6a-814e-aa372e7fe5f3,317
e42a1a5b-6fb7-4636-b8ca-6d6e6e048708,257
f815fd42-955d-4af5-9ce3-e10eff1d3657,898
75da9e0c-feb3-46ab-8a75-5b97440abd8d,321
a6b3b568-5aa2-4daa-a275-3bd7d96ef60b,417
17075209-f0e0-4e45-9da7-f66fa7814c39,292
f31c3fb9-4f2c-40f6-8a1f-b38fc9611aa1,511
40927bd6-262c-481a-81bc-26fe501ce170,506
517f1d33-9d83-475b-85ac-5c2aa394e48f,145
7de78eea-835e-47d0-8a46-71515a4f555e,968
39dd034c-8674-4528-bea8-6e96736c6a24,172
69ce5b9a-3ea7-4996-9c1e-d8fd1eb47314,911
73428ce3-4fa4-4e8d-85d2-73eb826b6ff3,990
1579f7f9-a4fb-46f9-a998-216b08d80619,127
5dec4069-cf91-4d11-a075-6982992e9ac7,346
23682511-95b4-4d88-965f-6c83444675f9,639
4f987a22-bff5-45ef-94d2-47e0eb404bbc,956
59434189-a5ca-4bb7-a23c-71f4bc11f4b7,824
26bc41f3-1aa3-48da-b659-5cac4f0a0243,433
f660a284-7a89-48e8-a876-a4fe38e317f9,379
8e01fb01-f102-4a59-a499-1c3ca66a05b6,835
bcb16e42-c606-49f4-ac24-122be060995c,948
e4da6608-5ceb-441f-80f7-649259286a22,686
baca36df-0068-46c0-93bc-8492fad0a50c,420
10b64257-f506-44bb-a938-e7b169cafcee,212
d259f40e-c5e3-4503-b5c8-1b21c733fef5,310
0b83ac4d-be7b-4e7e-b5a2-5e501bd49e97,71
2a64701b-156e-4925-a870-6500b941789e,810
126b6539-d609-4f47-9fe9-22fb903e792b,232
beaf7ccf-ca2a-46fc-96c8-441521690334,346
368ec4ee-c394-4e84-ba4f-bfa8e9c7411c,670
291d4b92-ad98-4bbd-9887-9d47155d1913,798
8ad8b43a-8f0e-4b85-a874-b8975cdd5fda,209
a37d57e0-5719-49fd-8486-5ef41306611d,901
0b627de2-b8ba-469f-82e6-43a8781a2e2b,402
b2025f20-ce52-4d70-849b-dc8d37997d14,664
a2c12991-cb43-465c-99a0-4b6dddd417ec,337
709c7c50-5615-40f3-9bbd-ae8a62c678a3,414
777c7611-4526-431c-be82-6176e521c452,193
8c99ce6f-0a24-47c1-b459-3f5202cb14fc,391
9831e451-51d3-4ed7-b21c-18163ba0b643,560
0b353b98-92a2-4ba2-8e23-b8318feecf2e,573
69420ee8-f217-4bcd-9b94-993a0cd8f656,112
a6b17429-370b-43da-9289-627d9825af71,517
caabd3f8-bf98-4283-8eba-0f4effc36318,997
9c55e245-555a-40df-8818-4b22bbb6853b,76
5f6e712e-c2ce-4e50-b609-c206c0ef2d68,333
d55a3a4d-1d1d-44c0-8139-441e54af89dd,329
5d5b62f4-8cd2-4b3b-9538-23554b9a82ec,150
dc443713-4ba1-476e-8d19-0515e0b2107d,767
8534fde7-f0bf-4373-a56e-cda7b8d1dcdd,474
e4a517be-7339-4c84-ac23-4a53c3ab5a55,166
0f23074d-aebc-41cd-8836-b2d9ea589264,869
77ef976c-1e00-4a88-822e-4334fda2d406,597
eda87e8f-fef5-4d34-b672-51486e953a40,614
018f6bf0-a814-4afe-8955-a4b447ae3367,526
7d563974-3024-418d-871c-da34abd02f07,230
ee2d6055-4977-43e4-ac73-7e159b665487,867
10619083-2f83-494f-9127-ecd8f17c7428,443
f0151602-fc19-4bcc-af72-60e3bbf1e27d,507
579b7f53-8363-45a5-b6bf-df3741006c7f,329
f91f119e-e9d0-4c53-8156-aa2b890067e3,496
72228c84-e237-41fd-9de2-de4974f633ef,814
8867b62f-c94a-42e0-8a92-b14391484723,133
724384f4-1d4a-45bf-8f16-68a932eabc8f,965
f68c0b70-054e-4230-a4e8-d6df9a0a1118,748
585811ab-f62b-4760-b118-d8ebfed8408d,697
c17bfe8b-2f6b-43c8-9d15-38a87ef84a9b,315
c4b8c902-6bd6-4fdb-ba2d-67bde959f291,865
8a700e6f-2c37-4c7a-80fb-f17c612aa989,912
6de1518b-be2d-4b3f-8f73-74bf67ba4390,67
825cd610-1ad2-4d82-b411-3f9ad1fed301,786
9a39c423-d871-4901-a5c2-afc1568c549e,181
55c632e8-a013-4beb-ad3a-35e2aa2ba40e,143
1090bfda-5c96-462a-be0a-b2070cec7b2b,803
ca8ef321-f8ae-437b-8fdf-fbf06f679fd0,421
7c1372a2-bb68-4640-895a-c4236b1b3636,933
ad5b0a9d-90c4-4f87-8f03-b6545e250e24,781
1654e1ac-ec48-486e-b144-926fef1620b5,266
74c5dd24-add9-4cc1-b97f-09b30b3c2337,924
7f633823-b2d9-462f-b27d-57f32ac9da04,610
206a1447-a47a-4cdd-8302-b479c748f76f,435
787d8e59-e75a-4682-b65b-0f011e56e171,442
e5cd1170-4235-4681-a424-188e0d555b06,915
361be885-458b-48fa-b296-488c00a67c72,266
3e764570-ccda-4bdd-a422-e8714d474397,312
5847c7ab-76d8-46e9-93b3-d18c3bbdf17b,633
a8699a63-9d13-4ab5-a15f-1f9fc0d5c5e2,481
02db16c8-1154-4bb5-a698-7c290e18edbd,192
e6ed229e-a9c3-4355-9f84-2488d58e9bc5,425
2bc3fa7c-3b58-4b42-b1fc-37134e8926c0,631
c2a3f76d-1d65-4ecc-b48f-7a4ac81fe0df,691
5f92cad4-b018-484c-a69a-f34a0e56ca89,481
d62491da-bb5b-4a1e-9349-e2082c49fdd1,767
28055dfe-0230-4e00-b701-cdcf54b63b4b,334
c2206539-bcb9-47ce-8ef4-8b062432f952,255
009223bd-70b1-4af8-8b77-2a240b7f4e17,889
593b5775-6ac6-4b4c-ac6b-142f8e6c13e3,290
4304705d-5685-4f13-80a4-4a936547866c,468
9e59db10-004a-4a37-903d-d712db0d17b5,816
6406203c-0505-4fc9-bfee-802360a2cd18,87
2c91da81-5138-46a8-af2a-f042c91631bd,245
31f683c9-fc19-469a-b331-1d0c4b949524,467
35dda7e2-e64b-4f55-9f06-9433ed96c7c9,228
e877d871-10c5-40e8-b104-555ed4ad49d0,910
a6ee5eab-a344-4d65-8fce-15b6b82bf3dc,223
a984b67b-d84b-44fa-b19c-95c7986ee15f,55
1a87388d-633d-4f35-84f5-595ec523248d,591
1788d2d7-70cc-4891-a71d-940b2ead1425,789
8bf8fa5a-61fe-4e26-b7d2-68a12025be1e,401
b829b80f-d3d5-44f6-815d-acd563bb8b95,462
b4a10256-e7e6-4db9-95fb-0e15b9500714,403
8739ba1a-2514-4141-8a0b-a3bc4dc80ad1,893
f1fc021f-2b50-42d0-9d32-47f6cc420666,90
ec7a72ab-10b9-446c-90a9-7413d972f204,71
5f82579f-35c2-42f3-b22e-f9d8e2bf6765,293
5258f90b-c122-4cca-8c13-b1b0b718d783,189
d6cce7ee-4772-4459-b7ed-3940606c6e48,955
40b4a76e-b35c-42e0-a1bd-c6f280984745,966
f0c08783-1f66-44c5-ba57-d2107efdc6dd,107
42fe4201-456a-49ab-bc9a-8b340e76d52f,204
ef5f689a-505c-4849-b425-aa784d86f3e6,268
8fe801e1-3697-49d5-95e8-e69cd98c8564,913
b647a76a-2fcb-4f77-aab2-1bcb13032ae9,721
94d5bcb5-0e7d-4225-9207-081312d68289,530
5f4e56e1-8bc3-4773-8d86-6b9e192200a7,917
7c6358fa-349e-42fa-97f6-be71bbfbc82b,146
aaf223b1-7364-477c-92b2-f807935a7755,782
e47e1bff-3740-445a-8cf2-901879b6ea8f,517
fbb58907-906d-4a4d-a4fa-ee1fe2c8df0f,711
631c7256-386b-4496-a404-8f40b15e18fe,87
a3ffdcc8-b857-47ac-af1c-bc5e39480446,252
8462eef4-ba34-44bd-aefa-f4cf1dad6518,141
291e0eb7-4d2c-40d8-a0b4-abd6967e35b9,363
b6755113-8753-44c4-b083-4f21abd1a725,604
85e23d58-bd8a-4ad9-a918-fcb2537fa2a5,915
456572c4-3dc0-442a-8158-b5a5a7121bbf,653
49fcb73a-553b-41bf-9da3-787f99097066,315
c83ac2af-2bd5-4f0e-9b49-1fb421462ed9,476
ad9387ab-a22d-45b9-a49b-ef6d58d9d333,523
56e7ebdc-c0ea-4f8d-b7be-4c249b18516f,209
915a85c5-78ce-4bce-8dac-b5a48bde9023,500
6ef0c76e-8e04-45dd-9f82-61d6b144950c,219
f22045c4-8429-4f8a-89d9-d91a8ab675ed,498
32f596f4-bcec-4f5d-b322-eb926bb9e803,76
f5c808aa-7bc3-442c-8945-acb3d6d21d59,259
c3b37997-c30c-4012-bf42-ba6a5d7a90c7,847
1580e724-ffb5-418f-90da-9dc445dfa64f,827
da0cb1d4-6c6f-4479-b17b-deb4ff265ec0,434
e0a09333-5cfa-449b-855b-d6efc181d3fd,726
8fe9a98f-1225-438f-9df4-9d3ebbb92ecb,354
cc8ced09-d18e-4812-b0af-bf5255b99954,176
0b771c77-1204-4522-907c-aa612e750b78,651
e3f9aed3-b2fb-46f7-b6fe-43265983bdb3,616
54204524-bbce-46ed-9ef6-893b940c1dc1,929
1e734e9b-78c7-4f8d-bfc4-d5765f2daf58,854
42a58d4c-48f1-454b-93ca-fecd25e8c52f,248
d1e550ba-6c3b-4410-89bc-c7a132cfd4aa,331
2ff5e9fc-f13f-4ef1-9545-1e6ddd76f37d,725
709e664b-6c34-452b-84fd-d7abfb70e6b6,266
a06759fa-80cf-491a-bd3a-1c131cfe59d8,254
96c10d73-2002-4178-bff0-8b13b5efd5f2,985
f4cb2388-d2b9-440e-8341-b84b25b67219,236
e62236cc-e9c0-4709-9228-a78b59d1afd8,805
90ab5162-7df8-44f3-befb-7f0b9358fbd1,398
dc7ad74e-2a22-4f82-9c8a-6651748dc0e7,822
d115901b-6d4c-424f-80ef-aa480cc74562,85
c4fc9ba1-c814-4a9b-80ac-7d6a2ab22073,561
a774841d-2e4f-4673-9593-cde7a8996a49,815
e1b488c6-4250-4cfa-8367-799de7551be4,633
a104e444-ff72-4d13-802e-21f5111c5984,603
d30d8210-4cd6-4e59-8da6-ab9831f89e02,512
c81e1369-cc68-4d9a-887d-0667163ef110,552
77ea8971-61f5-4f7b-98b2-363d299e924b,584
1edfaa95-ea94-41d7-992b-f1f592d4737d,236
4d2314f3-f010-4fbe-bb75-178fcaa0e5a4,131
9e2553e4-dbce-4893-9ff8-94f5b481bf41,569
1bec328f-a62b-42a1-991c-4b01c1d30894,762
7802ac62-cc2d-45e2-b12d-87b19c3cc13a,363
44e0f947-6b1d-43a1-bc27-a193265d5a31,393
c02e758e-38c2-463a-8198-130127804253,463
830092a7-6830-46c5-baf1-619f3f08f571,188
1f829e4e-c20e-451a-a14b-4b12d4d9278b,331
2ab1915b-775a-474e-8242-e7ea8c143ec6,170
e3be2549-ffa1-4b85-a96c-65a5240e9729,452
84648bf5-0da8-4f44-8cca-9595efc1cf12,788
b53c0411-968a-4d33-9318-b032bdd796da,427
bc12b13e-fa03-414e-9d0d-daa43cc3e7c0,865
f5780fde-c51c-4260-aaba-0745884cec97,760
affdf9b1-42ca-4d51-9320-a1af286d261d,985
3545bd3b-4bec-48d7-a7c2-daa713530b95,553
77954aae-c9df-49d5-b72e-7af57f1fd663,473
789b3f91-7f86-40a0-9c89-f00c3030d63c,183
dba0c18a-2472-4fb7-a316-60de9d8a19ad,818
0948ebf4-e780-4ca7-953e-d612528f5992,179
ea69e884-bbfd-45d7-bcdf-1cd428ed6fea,789
35ceb19a-5234-4eef-a348-8f026bb6d1e4,534
562ec3f1-bd31-4539-952b-dde6eddd5ee2,367
558baab4-ed85-4848-8e9f-c5a90cbb3ff2,995
f948806f-d15d-4674-9f87-873a1a349ae5,448
b2586129-7a55-4380-a8dd-cc61e1699aa6,692
bdc8c766-6042-4d2b-ada3-158c6fb73c3b,136
51fb2840-f165-4b72-883c-4e8b26302631,382
8a170ab7-3fdb-4855-835a-6634adb43ca0,802
21341756-3de3-4e80-bfe3-56e6e63bac2d,424
1cd21df5-8be9-469e-9c05-a42c48110fe3,680
9a6c8c35-b300-4222-8a9d-5af129d7d698,268
68ac73ce-3b57-4312-9636-2c740adf1258,788
e4fd6a9c-63e7-46ba-862f-9762c4bb2dc0,124
7b9bd5f0-0482-4d04-b9cc-1e9e576de66a,594
93237e4c-0db6-4c60-a852-b107e2033ee3,610
ad601b48-ce25-45fd-b4df-7595e5de14dc,403
ec0d38ec-be13-4281-bafd-1737c2f64644,177
27a8fc11-9a68-4cf6-bb60-c4061f21355e,138
5cbff1d0-78d7-47f8-9dcf-6b7fe1077ae7,107
e162c2ce-7d13-4f40-b764-1a72f133b81b,816
1648e109-569c-4be5-87ee-256eb7d428d1,196
d2db3c58-9e5f-4e46-86b6-1db0436cd59f,518
873e3647-2e03-4f8c-a2b4-beb6359947ce,467
72771246-3130-49f5-b35f-b7ded20c3f0c,754
499eab2f-1800-425a-96ea-040af7143b0a,209
4d6931d8-8ea2-4972-9c62-2f8f037e07a0,765
4eb7f0dc-3e37-49ef-83e1-4e4820cc2b8b,805
0f82d6c3-7bda-45b4-8a7c-609e7870c718,776
df028a6f-8701-4edf-b418-74b87d8dcf49,703
aedec532-2802-4d3b-b80d-84890c0c75b7,216
83d48dff-b320-4e7d-a8bc-a042e1de49be,936
6d36ddd4-880c-40d1-8190-e52e785b486c,514
44f9777c-7aa2-466a-a5ce-3566fc658f0e,447
8708f76e-c7bd-4ca6-b0d7-b841ece1fe96,138
33513799-2870-4351-8a19-59463cede9bf,942
d5166b7d-ceea-4d37-ab8f-a58071604fa9,306
605cba28-0956-4490-8ff4-fce105f7e570,690
913102f1-2be1-42ca-b2d6-372fe954d42a,640
92720a88-6e1e-480f-9d7d-22978787d584,415
b9e8d0af-ed55-4443-bb49-1eb0555a52ee,500
ad50b56c-a8f7-46a1-90db-6cf003a6caaa,136
b71a5d2e-888e-4000-8f53-757318101035,339
701af02f-c7c1-41ac-be99-a2da9087ad05,854
17006672-d7be-4158-91c4-1821f92ffda7,583
558e37d6-4bb6-4008-a5bb-9562427be94b,536
997ea9f1-e6af-4a7b-af1a-2ffb0d2329d2,844
f290f9a5-0527-4d52-8525-81c63a2f7a54,479
f0ec5519-3680-4203-98ca-c99cd96f96e8,414
e284a5d3-a61f-4bc9-9032-d0af8dd6ea0e,802
6bd71d6e-bec3-42b8-8224-88e12b6d02bd,598
bdfaccd5-e08c-4229-9200-eaa686fb27a9,324
262f500a-2fc1-4f8a-af3c-4f66aef62242,743
354b6e2a-f19f-4320-92b8-d2415dadc83a,68
dcd535d6-909a-45ad-8368-9bc1ec1801e7,409
e6024563-6e33-4a3e-bd08-30192bc31c3b,643
abc24efe-4ab5-415c-9ce7-c8a6b6706bf3,436
d5c80fd0-a4f6-4776-aa74-06e1570cf7a5,578
dabcba78-8d67-42ee-b5cb-587fe71f3e56,430
24de4d87-0212-4ac8-8ba9-58a3f4892b4b,944
71c594b7-ac12-429e-9153-791fd2466e1e,660
75caed4c-0b37-4ff8-a1a4-8da701ebf0ef,686
4e0cae25-b0a9-4790-80a9-da9c855b810a,721
0d55fc4a-bacf-49c9-acba-544388dd0be0,709
9f5c6f6f-532a-4c51-80f3-911e2c0cc0fd,711
10b9d195-4199-434f-96ee-f016e5b39cb8,684
a13d58e2-3b74-4728-af04-f9acaee35166,548
5b5ce7ec-edfd-40cd-942d-e535af5e8832,917
733c7799-4ae9-4fb0-b085-414fda5dfa3d,422
444fb265-6a92-4083-8a26-7f4e09ebc3b4,690
a88f7e8f-64a0-4b5f-9596-aebab58cbae6,639
c504efc4-8abc-4ad2-bdbe-249448dfcc9b,614
463fdda4-b6ee-4655-ac89-de0509503571,947
91bd42d6-06b3-45ec-b8f2-96f7d39b6871,268
cfd590e1-d1ad-40a2-a57a-edf092ff1921,585
0ad01fc9-a49c-4acb-a12d-9f0c2a35eadd,120
6398a0d9-1264-496a-a38d-5226b578cc18,880
0e87456b-cb84-4874-b094-0df967c4e298,809
a3381561-32c0-46ca-b3c9-355049651fdd,893
8561ae6b-88ce-4b83-af44-beaefdbf7962,590
5a81c5de-0a66-4f43-9fc1-60cf3f47f3ab,363
dd8ce3e5-6487-4be2-b9d0-eecb35433e6f,377
63eb2e6c-acb3-4287-a5b2-e7f1921c714f,248
4a636481-419e-468a-bbf6-0a664f4885bf,102
76667f9b-3299-4876-a055-00b6db132743,338
9ff13f81-c891-4bd0-932c-281edb199b6f,483
e9375626-86dc-49a1-8431-633094195231,383
2fd06a1a-2cb5-4678-96e4-cdc4f495c42d,754
9e40ff34-f57d-4654-bb82-f1bf0b1b1f7d,847
8b30e2b0-cd9a-4f1c-924d-d27760b1181f,919
c3627867-6e8a-4e61-a2d1-deae478906b5,549
ed6df5d1-00d5-434b-875e-243acb07e354,759
6fcca13a-1501-4fe5-af80-7513bfba4a2e,778
b9703e03-fb78-4468-a8aa-b40d344ae663,461
5c44bb65-470a-4c88-b508-9bacaeb9a9cd,971
28ef074f-bf71-4bd5-9336-cc016bbc4471,646
f559cea6-aa2b-4db8-aede-f2d3c4065c8c,86
33a84cca-f97c-4b4c-a362-3410618defb4,135
ef92113a-b973-4ef4-87af-c190be3f0f5f,523
5ab783a7-f3c4-4f7f-bc43-125d700302d6,940
05026396-5dc2-47f9-b387-cb2a8a8be277,970
89e98438-f493-4491-8ed3-51064b4cd108,824
5ac9ed7e-d72f-4112-8a50-98367e30e789,730
8c3264b4-cf84-467f-8a88-0522f5e241e7,328
2519572b-2324-4385-828e-e1e9a6c6aff7,873
d16e633a-218f-4e1d-a978-34cab67814d2,169
9dbafc3c-f595-4898-bd21-3db71481cac9,945
6e07069a-49a9-463a-b03a-cd26a7c5a2dd,720
a70af0e9-978a-4467-9b46-40ba1780b437,330
95940459-aa51-46f8-a537-5897b11c0f89,70
3f831c39-dd1e-4a1e-bfd4-d9d1183b50ba,301
db2a6801-d15b-4122-a440-b06a9a900018,927
a1c5b6ef-c4d3-4199-8c3f-5b3a62dd8aa9,939
6c8629d8-1f93-4fa5-8c29-d6bc80ab51c5,930
d3ead9d9-c4ff-458f-a30e-5bfbb0b371ec,378
71337dbb-d8ee-4407-ae39-4c32348177ef,153
1f510862-7899-431a-8d16-0b89faa72134,819
4019d19a-bf58-459e-a105-e6663e1af64e,236
2bbbba66-0d97-4d6e-92c4-9e09f4e65ab3,732
48fca61c-46a8-44f1-bafe-e223b07eeffe,194
272955ff-2eb9-45a3-a196-857e60b4e731,314
8dcca6fa-5b76-40f5-88c8-fca080417420,519
25685355-0a85-4a77-81cd-739fa6ccafd4,809
c7b6a453-9c54-42eb-967b-e680abd34317,760
6ac46e75-d289-4adf-b1e0-70d1493a53e2,559
28498121-6941-424a-869e-d7ccd0bd722f,998
7eca8dee-00c3-491b-9875-6a695041a41e,760
a275aaed-fc37-4200-8fcc-c9b2a35056a7,915
11a27e02-d661-4305-b486-b67fd5597e71,843
0f1bc7cd-6e87-404f-9295-78cf7e6b4e66,771
221035fa-00f3-458c-9b77-7b4c4f3537d7,189
7749a8eb-4cdb-4f66-8113-2d1c74485ebc,577
a72a91b3-69a0-46b7-bfbb-756c2621a08c,662
4509c946-7c06-4b0b-aa33-c246e327c61e,481
58684d83-379c-4c06-b840-a089d747d1e4,884
98ebdd9d-5872-4ec5-bb9c-9bf6e2390857,992
7883abfc-f7a7-4555-988b-b6645b1b3b71,239
23c62cba-981a-4a81-a238-94d1d85cd59c,347
c5336ef9-18b0-49b9-93e4-696a46e0c2c7,716
931bbaed-afa2-4d9b-8325-b438222c2bea,765
bc7d6836-c75e-4cf5-8b52-81c9c0e74d6e,691
9eb5df6d-7791-48cb-8b54-18d7230e6d9a,682
86be160c-9e1c-4547-9cf7-8e2db8cbb71b,690
2e4cec61-49dd-4573-9ed5-8114dc58652a,853
e0ca11d8-f473-45ed-82ea-94cfda45ec0c,414
584a1dbb-8fc4-46bd-8dd4-d0e55d91795b,339
533bab49-1562-4598-aace-2737fb42b35b,170
283bacfb-2aa6-4d54-a140-d621119b12e3,858
c10191ba-f4f2-4840-9b7c-0e751d855bb3,783
a7b1dcd4-31df-4070-98ea-2e715306e16d,371
75ab49a3-bba0-460f-9c40-5312de08691b,727
8a16d14b-2f6b-4cca-b02e-946f35f24303,534
d8bdf543-0dcd-4fc0-88a1-e6ae5048a901,939
f9c25025-5c44-48ce-a261-e783f6a70dd6,545
6b83958e-3e78-4a34-901a-dc91009bdfba,281
fcfe64cb-8651-41e8-95fa-349802c35b30,612
1f6634d8-a456-451e-a0d0-7cf80de4aae9,754
ffc93abb-421a-42fe-9a5e-2e656eec12e9,661
46313c1e-b863-41b0-937f-d746ab4a5d48,930
28a62fd1-642b-4a9d-8c3f-e17e8fe97cb2,963
0531f893-f580-4d67-9648-33006363f5ae,679
611830c3-e67c-425d-bf41-5e22c5f0ea54,492
701a3f8e-687d-40f7-91ff-0879add8a666,357
2ab29f3e-6a49-4542-be58-57bc654d1db4,966
09e05c95-33f1-4695-bc11-c07a8c6ba210,239
9b9dc4d0-5242-4fc4-9452-ce176472df08,962
b77fc59c-11c4-4017-a7c1-0f1dc6ec80cb,483
6eefc407-a8cb-4719-9343-6e8deddbc446,740
d0266306-3cfe-4141-84d5-364247a92e58,844
3d822d55-2907-427c-9625-0d496f5ec3ca,757
b72dc451-0801-4bb6-9e0a-eb84927f932a,509
3e0d32a2-2fdd-47cf-997c-d82d162b71f4,362
b376b748-769d-4a03-92ba-6191dfb2ceb6,924
b48b433c-b4d4-4079-96d6-5e78927be070,900
ad5c1c3f-b7c5-43b0-bdf9-70748a80e41b,540
dcf9b016-4f83-4579-988a-448e8f014c9f,889
f5c724b1-ec74-41bb-892e-3cf7af4d1dc8,269
d4ba0d6d-c83c-4108-a4fc-7fb0dcefcfee,51
87b75e83-1daf-44cf-852e-4e6aa1da8ab6,925
25fdb741-2dd5-443d-9f3c-c2e4239c3a2f,472
ca682505-2877-4107-be0b-c77cf9051c01,597
e7f4d125-6602-486a-b783-665f9f0a976d,325
b5aa5e48-ed27-41ea-b5ad-8b38f8a6d976,853
0bf6ac1d-6e53-434b-9ba4-0338ba696d27,633
de5ec9b4-bd7f-486b-a85e-a737d9fdba7d,852
c66c536b-7f15-4fef-86fe-21803916c9c5,177
ac355784-5bf9-4173-be0f-41ac5c0632b1,694
792c81e7-4c7e-4f8b-8a83-d867ff211004,555
c8126264-d088-4de8-a514-5d57e1a68676,398
d2eef407-7fca-4d18-a24e-5632483f28de,935
25deb63d-36ed-4959-ace8-319eacb986ca,354
96e9bef5-eda9-4598-a507-ba5bf03f0771,885
d3b68b09-7d3a-4daa-ba25-6a21ff79f1a5,715
82978ef9-8f86-404d-94d8-6b06e249effd,316
421a10b7-28ff-444d-bbfc-77ba5880f4fe,674
026cb458-5bd5-44c9-a145-2a3b76f06edd,828
80cbf474-6d8f-431a-99b2-7b22e68a8e00,61
abb340fc-085a-43f9-be60-227b0846f978,50
26b507d1-e923-4b0f-aca4-cf95a672f58a,281
fed90d63-56fb-4e51-96f3-79e4b1a09c5c,146
bedae4bb-5b8c-4e59-9487-69a6ed74ff10,852
116dedcd-9176-4ff3-9d30-20057e0fc83e,717
b5d88380-b993-411b-ab51-ae72d0b70c7b,646
2a524071-bd94-4ef4-b6d5-6f6d866586f8,762
86df0c52-c555-43c9-bc8f-e649e5f8fe3b,322
9d7709a7-5f5a-40f6-b70e-e822b8ad5200,913
01379735-cc7c-4cf3-8461-fb98c0ad3c98,766
d110bd85-d3b3-4e9c-a3c0-8829180b69f2,969
c12499e2-64a7-482e-bd8b-60c3bb82552d,929
e53ead63-e258-4eb1-bde5-6ec3a073d053,736
de4805d8-8dac-4124-91c1-f96077ea5b3d,578
e6b29f4e-755d-4554-a694-ab3decc059a5,370
94c80136-35b2-4137-8ff6-2c1dc9d58b22,262
9cf5704f-cce9-4dd1-896d-6adfcef4b3b1,920
21fd2e6c-9261-47e8-b126-ba72a6b7c0dd,221
ab095121-9ed1-42d0-898a-8cd850d19f4a,205
90abb1ba-4f3f-4273-8661-c261cf48bfce,670
1e7c9ffd-31b8-43a9-a373-36755d916e8f,251
2a7b18ee-72f7-4c78-9777-5916f9092558,745
87904686-2795-4c9b-8fdf-a7c28f60883a,384
25f251ea-de8d-44b3-86ba-d44312f16377,850
78fd2c40-e77d-4a8c-870c-0b85f6d34a51,262
6f56900f-bd50-472c-8744-a3d2cb830643,562
6fe59a20-2fff-4045-a35c-06a16f0d4afe,607
00a87d94-627c-48a2-ad2b-39bb3a5371b1,276
1abc213a-221f-4a47-a2c4-aae793c9ad9e,849
a59b961a-86c7-491b-8859-811da3b9ac15,642
cba0e9b7-3ef5-43cc-9e47-4dc141017dd8,170
84d7e460-b819-4462-8ec4-f3e00bc7859a,803
2a45b664-6c29-4178-8e3b-97bf75374d23,470
5cd648bd-95b0-4110-b156-87366d2b1a85,267
003faa50-15cb-45cd-ae45-6dc65e04144a,801
278e34a4-bc27-41dd-b02d-1c5d21d4aa31,795
f1d54cdc-422d-4152-b30f-6c142b55220c,437
c8429ac5-f3f2-47c0-a0d5-c9b6e99b9ff8,300
ed40b1ad-83d8-4ddb-9e34-e0e08780c3f0,178
1c27e189-4bd5-49af-882b-f6ad9aa7b8af,223
38673cd1-4b90-46f8-af34-883aa1fac359,314
a901838a-1749-4e74-b4d0-538cd39ec9f6,696
31f7952f-dedb-4006-906d-d91c1e9c940e,138
19997d39-abb0-4e1b-a7a2-605d63a7a77c,817
e25981ba-84c8-43bc-be42-473c23b8266f,834
27230bb5-fd2a-4d53-ac23-96f5eded5f0c,331
37c917cb-d04b-461f-bdc4-2be06eab076f,593
fdb2ebba-8f48-4b9c-8c9d-ac13486fb166,238
3f7d6fb2-5b66-4f92-9ca0-6556ab83b794,708
6e831962-2733-4281-a5bc-010a270386b7,411
ef9ebf89-647a-48e3-979d-e4f05f9c6967,570
92bb728f-b3b5-4275-9674-8aaa488cb529,663
c30a4075-6fca-4d9c-9685-55aefe45ecf1,297
8e493b39-3857-4119-91e7-774a6a400e7c,219
ac743f3e-e521-43c8-ace8-a99ec9a0a016,619
cf40f688-329d-48c2-a091-9c6b3f4a0e33,299
d8b5ef99-35c5-4cdb-84b0-b8490155279a,808
2ea2ec46-a0be-43fa-8926-944da05737db,249
5fa241fc-0d52-4aca-bbaf-878f7c0b7bc8,737
896e9b65-cb34-4721-a60e-53940cf12eac,961
34c69c91-4522-47ef-a673-3b8c4cebaede,156
b8c906ff-464f-4b9c-98d7-a151d5fcac51,611
30075721-da1d-40a1-83f5-5d56f4161acb,809
6a603f23-c8a5-452b-9033-8c73cfc69c68,686
f9921592-cc8a-4407-957a-04843b2c6350,809
fbbae950-d79c-4e55-9276-b8fcc247b955,680
627a5aeb-163c-43f0-9675-d3888228cede,454
fc241286-9a0e-4ccf-b4bf-d54289aa1735,544
9680e0d0-f4b0-428c-bc69-9c55c2b2a196,521
309b08f1-2358-4368-8297-8c6d8b77b869,130
aed122cb-6df4-4220-b04e-1c2f8641c37f,700
b5a99370-73f7-4358-b509-dfb773520a24,89
97a77c0c-7a73-4f01-a1ec-fd4c2202cb0e,951
8b432eb6-bd3f-4d64-837b-83a6846b4ee6,211
2d6d8e5f-2061-4360-9ba7-93e69591e90a,284
197336ff-6761-48cb-9926-4539bcf08743,160
00b3784e-4b69-444c-a73f-ff825c8d83ce,419
74ec9f05-56f2-41d0-a6de-f148d54a1414,155
c752db42-ec2e-4011-a647-3426cd123293,102
81cc2f17-015e-4b4f-b5db-23069264e860,198
4966416b-9fa3-4b6a-b9e0-77109869b274,439
e035571d-2f89-42b6-b252-a1d841c32e64,465
e63290ff-0073-402f-81f6-796c8e13d397,481
056311a5-1836-4b29-81e7-61c33d0314d4,556
d5cc24d4-84e6-4bea-ae20-99a3fde147dc,468
ae7dea86-6994-46fb-a992-c20873a83559,54
fa693f5a-f503-4fa9-9039-df428ec9eb7f,294
307c3e6a-7f6a-490e-b6ae-deea2502da83,434
8f6391f0-f893-4b14-84ba-2fdee9fb6edd,697
bc9c0e39-7351-41f8-bc91-e80a520dba1b,543
11856d53-269f-48ce-a6a4-e506a51048b1,627
b32275c7-7e02-4383-b3a4-68166b84d80d,982
fb441254-2f5b-45f1-af0e-ef42baf84533,865
47a80942-ab2c-4e66-a70d-a73b994073bd,578
76f9a8af-5325-498b-bb2b-6765dd09c657,532
4c456c9e-f0c5-423c-b268-d7ca5a94f263,453
d7abdb38-fad4-42b6-88cc-f9e18326d83d,783
38b8438e-fc51-46ea-8b9b-14c28c88e74e,382
e48f1d7b-e192-4267-b7e5-03b5b672eb71,110
3666c700-dc64-4621-99d0-0d9529da2574,218
90db9770-7de3-4ee7-b792-24bffb6baa12,211
ecea137e-8949-4139-9dab-e108b8655457,428
8bd9f1cd-76bd-48d0-a99f-da2a0bd7f93b,841
cf82095a-0a7a-47ad-bf2c-b649cd6d1a1b,482
1038fd5f-f0d7-4cbc-b7ca-f5f091711479,514
249ce454-446f-479d-8170-ea6c2dfe2057,794
d61bcd15-7f11-4eeb-bb33-cc744df7af4c,834
d54ae8f8-1997-4774-a7f5-78a3154be59b,500
664b18a7-407e-4993-b3f7-40460d1b953c,188
7240da23-37b9-434f-b466-98a7d0b1254e,953
aea1c90b-ff9b-4ced-8a16-3aef1047a110,328
903abbb6-df45-441f-bc4b-02de44ea6dac,764
1da9b995-c182-4119-aef5-ed5bfe8b034c,256
3ebda0d1-41e1-40c3-9660-0d69f80fe261,236
792cde4e-2646-4af7-b542-f15c3d5bd370,542
cbfb06e0-688c-4cb0-8d1f-0de2c9d78be9,818
1463eda3-b667-4f3b-b23c-2238c5569c47,214
81df0565-33f0-4369-950d-98af223499dd,446
87baccd1-f322-4446-bf2e-78acd682197b,294
9cf013b8-e3d8-441a-a897-615490638316,650
9ceec04c-2089-4ea1-83f3-ef97c6dce71b,394
9647d9b2-25f3-4777-bb8e-57642519e97f,439
4d0a7bde-96d7-4807-b977-48fdc4a3008a,199
ba63331f-2442-45cc-bfaa-048e7a1427ee,67
f5f8e5f0-a725-4613-a88f-88dbb342d0ec,419
95ef0865-8c1d-43b0-9716-cca30520c275,729
313f121f-19a5-409a-abfa-8003ef696221,969
3e7c3637-5b3a-412f-bd21-f54610d125dc,900
6489367e-ba10-4d03-825b-64ec53dcd1d6,160
00965c9a-858b-4233-acd9-577f1f001e9b,670
029e3a6a-1b45-4662-a4a1-d157a459f10b,145
6e0b8fd1-ffbf-4642-929d-5dda23f0a3a5,564
7d35ad7f-8380-4135-9c18-f0602124b53f,92
6faf8796-ac42-4d32-be96-5f222e4adf1a,972
3b1ac8f7-0a6d-4580-a1ca-cd2f776482be,323
667ac453-7a91-4fa7-8663-9b0bd9056fa4,882
3ab865b3-4377-45e2-be63-0279d4cca122,522
cb38e473-360c-4310-b818-aa591f40ad9d,153
5288ea2f-4b26-4822-b6bc-3974c1a97cbf,237
7914cba8-8481-41a2-90f1-8ab8e2a775cc,244
9e051c2f-f039-4909-8699-d9ece1203e60,689
d769ea38-d0c4-4f7a-b3d3-65996fc7cf43,75
79417e66-f716-4d70-98e5-0f8928ed200f,806
96f82fc0-942d-4f09-9638-8fe27f87729f,542
d9a29095-7d38-4e13-bfb9-0d6a555275b2,140
113132eb-9bb2-4f48-9c93-dde846fc9b38,61
8593eb0b-fd71-4e03-815a-c310f7ba02db,819
0159c59e-10ae-42e9-9c2b-8e039aeed4ab,428
1d2f0af5-ce78-4f37-a685-fb4601927c58,800
a5b51958-80c4-4076-9d08-9a2d53f97fe9,242
4f657fc8-3ec0-4eef-9403-1b7d228cf3b2,817
d98ce11b-9048-416b-bc76-b0cefc8b9136,618
d0a6d1dc-78d4-4c64-b8ab-28cd6d741cc7,794
cbd55bf1-e894-452c-8560-b7a67018db0f,122
6c8b039a-3667-4445-8520-1bd1429dcb98,53
72d99410-faf7-44aa-b5d9-1601196b68be,488
7c956e30-ae75-4aa8-811a-e4c102085501,827
87308335-cf14-443c-b8b8-0f772a864f8f,391
4d549337-8e76-4ee3-8909-cd2f7edf524e,972
0f93d1bb-c894-4879-84e5-96eab14e6498,523
788d7e23-5506-4e8d-a9a9-91b22b264279,262
45480299-cd1c-43b8-9760-b515c412452f,631
1e7def2a-a9d2-4c2f-8caa-f754f938fa87,550
e0fc6e92-9df4-43b6-9923-ae977060afb9,646
8ec8eef0-4b0a-49b8-9f0a-4f271b1fd8f4,208
8bb5732f-d065-45e8-90ce-52e8698d9e49,62
870ce47b-0ff6-421a-887e-1a8028a13972,959
321e0029-a549-4f53-9fa9-9c3adf597df2,648
2519f702-2790-4be9-b5fb-54e8db47a97c,389
643052e3-56c6-46af-81bb-eaed9d742344,175
213e239d-de25-435a-9a63-679ae06e40ba,749
b3f6e8b3-0619-4e00-8b7b-8c156a88ab8a,177
9a53bb70-e580-4d3b-b6c7-b78c04482a57,180
e6af8b50-2a98-42dc-a18a-7a65fe78eac2,319
d6e6564f-1e24-493d-847d-727da37ccaa6,364
5e50fc73-5db1-4070-bc90-77c6a6d83d0d,189
ebb45e24-d900-497f-931d-5ebf41cbb923,721
30d3c2b0-5de0-4479-b8b0-d61ad48a4202,868
fc6948e0-95fe-4e98-9bf3-67e78d29fba2,948
a7becb2b-f24c-4355-b1de-90bdcbebc136,84
17aa582b-c0b6-480d-a7a8-6bc7f4ceb8c5,612
5c0f3be4-4a8b-43e7-a0f2-1bf29cfc49f8,688
aa5e056a-9115-4638-89e2-702a96cd123c,976
0ef3c86f-6605-435a-a739-81048c98aad1,92
755e825f-a432-4684-a3f9-5f396e1bae03,861
f1afa4bc-6d1c-4731-944d-d0176dfc9a15,706
410f6a47-b2b9-4f93-b6f9-5e3c05aa5a28,626
c59876a9-6a3f-44c7-8b1e-98aa12ad8018,639
12bbc804-84ad-4e11-b6f0-133a4dbbafcb,536
8fc73339-d4b6-49bc-bae8-f73c377dd4ac,250
c48bf722-4503-4377-8407-d81e48c5d12f,380
28134737-f0cb-4425-b5d6-c901a671b374,314
7b749281-97a2-4ee2-9d53-bc114d8eb3d0,523
e9d449ea-103d-4444-975e-5865c0063855,868
dd2be6f5-e280-4997-bbf6-ac8ea6c515e5,353
b0569f56-cb55-4056-9d65-8d6d7940c351,707
bea45dbf-5f3c-44c2-94be-c42cee390050,882
265c2884-0cb5-4838-84fa-6111baea5e7c,520
16b8f51c-060f-4a5b-841b-474d322db0a5,767
52f86314-69a0-40e3-811e-716756501ba4,611
c09a1a40-ab62-4670-9708-db69097fbdfe,927
1076398e-0a0e-4b04-9345-0443b2ecdc25,420
d939eae0-bc9f-47bb-9b10-6cbe03af4b76,631
594ee0b7-bd81-4359-8f44-a5542387422b,375
9b905ec6-c65c-419d-adc8-5cc93772c776,537
9b97cc97-06da-456c-82d0-bd017282e8ee,204
8d058cfa-ec99-4a67-9f3c-8f7352f86768,642
4a10ac79-eca2-4192-a591-822da2cc0656,826
990f7cf5-47e8-4346-85b1-bddf22fab1eb,504
7c2570fe-9235-4a50-9535-23ebe1678155,63
aed564b0-5195-497f-a256-a70bc2658f20,297
a70ab638-eec0-4fe5-9835-39c1467f4e15,171
01d85c43-6a04-44de-9eab-57bd65e0ebd2,617
a9a0fac7-4dcf-405d-af4d-f36f34ba4b8f,649
9b81d80a-9579-4e13-bc68-38d9143d4aee,126
db6d33ee-8bfa-4d75-9232-c0784e17cecb,760
8cbc5fa8-49ca-4164-8346-24b3a4303ebb,488
bb2278c9-d496-4238-8f5b-3b460b4e8fa0,688
d88b649a-cba7-43ef-955d-5072e3e24b6a,193
d8bc78aa-83fd-4bb4-ab03-e1e8f00346eb,483
7788f540-3765-474b-80c8-ab6ff3c6341c,292
8f43945c-00a9-4715-a2cb-092dcc263ec8,458
a160d924-9e95-4234-9944-1c5b4f2665b3,233
3bdc7cdf-a8a0-4029-8050-236d4d7fedb6,829
dc239458-e758-4c70-93a0-08796739026c,493
7b0c89ca-e1e0-463b-a349-64d2c4fc2906,426
92284825-c1a2-43c3-8291-40b6a7132d9b,150
3b398c6c-124c-4e5a-83a8-c2cc4af7fd48,601
dcbda843-b7b7-4141-a0f8-7119f5c74d7a,920
f10154e8-e790-412f-938c-5e2c817e1f6d,666
b943f3f3-0783-4b89-bf7d-a0c70210b903,480
2d097d58-d488-46ad-822b-cc8fe7988668,585
bef390a5-cace-4af7-9953-2bc0f6e3dd8a,533
34d2c70c-8bff-4d4b-bb73-a9e8d499d25b,479
eded3a5c-c8d2-4c22-bf43-c350d6caabec,137
ec1e4185-4c91-4afc-b264-55cdd4034c67,542
dfe73922-fcb5-4fe1-b96b-8caff1ae4aa5,784
09de5a9b-8549-468f-a7dc-dc6c36fba0be,978
113ceff3-cee4-4081-9740-620b0f199c5c,285
07509777-e0fa-4f6b-b956-27875c3f6b45,273
0be14d5a-a136-40c5-b2af-98d0ef762d37,747
c0ae2106-716c-450a-ae22-cefbbb6f0261,101
57fcbbd2-d159-4446-a0e8-12c3e93bdad7,632
48804920-0894-4c1c-8d73-6be1bf237f7b,797
5fbb52ec-1d03-49da-bde5-f646c91e4320,431
4ade89e3-bba1-430e-a07d-f41e100933d1,869
bb027779-18d1-495f-9afe-7eeb3420718a,197
3797e0a1-00bd-4d7b-83af-c20986993c9e,326
a84ec79a-e380-4d66-99b0-2b926f9404fe,572
3bcf4b6b-5b26-45eb-9495-151a0a6c3ddf,148
3b25af23-6ec9-46be-89a5-168832f45aef,817
ebed16f1-4526-4247-b43f-e6b80c2709d8,196
948acaba-1ce1-4129-8595-546c0de0d677,936
be336892-29bb-41ca-9b62-8402b2b02252,693
18302fc4-1438-44e2-ad08-e0d12a9b7ff4,625
0d471bb8-aa5d-4673-aeaa-9e193006632c,370
a3a54547-376d-45ba-81e1-1c07ad790e54,583
52c13dc0-790f-41e4-a9bd-951f38cf7d8c,448
09b9bcba-2a84-45cf-a10b-986206d9a04f,312
a4ea2183-9884-4c22-8448-290deaa6fee4,463
9243c522-0311-4e92-80f4-efdacd418650,511
807c0f3e-0576-499f-877e-ce7b0a0a8874,112
dc262473-68db-4e4d-a14a-0c6af5796d11,794
63e77ecc-b50b-407b-a66f-3685f10fa340,467
a80725ab-f938-434c-afe0-8ac422a31708,730
5899f869-2b3d-4a82-8147-b8149f441dcc,565
4ba877e4-1ec6-4b3e-994c-b7df1ac29711,620
55b8af33-efcc-40de-9673-ae4af10910da,727
ec48c5e0-ba34-46b6-a896-f301a60a7844,281
7c2f1afe-0346-46c5-9919-b9125e400cc1,835
e9ef54f3-d7a4-429d-834c-3cb1521f04e6,523
88f15e06-897f-4753-8400-fa34436c1b18,822
0376abc4-72bf-43de-b08f-d6a6db9252ec,348
68109293-66f1-41a1-aa3d-856c007cd757,903
e44e0d5c-a322-4d33-920e-d7da2aaa36c6,260
4dcb25b2-22e2-4baf-96f2-d5c64d6e98d0,780
df1ccef4-1f39-4545-8383-9dc52ffc3d4a,491
ee323b27-c738-430a-930e-34c629ff2236,579
9bf37cd7-8422-41a1-8c71-e0c551650d44,226
5482a0e1-d809-4dd0-8f17-059931d18414,193
ea4c466b-f6e3-4ed1-9737-4b917697212f,481
2658e90d-7220-4577-b3e9-bf389351b60b,816
af3dafe3-c601-454a-8bcb-dd011d2fede5,758
0bcf947d-7e42-459d-8679-b7a49538e4ae,270
3ba8ed1d-1349-4e65-b7d5-b1a037116f2b,156
7f3bd833-3091-494f-8e8d-14e5eacbc413,78
de84c9db-0a15-404f-af7a-9b0025fb8b5f,463
928b921e-1425-4491-986f-ab1fa5757932,933
34264aba-94ec-4a54-8df3-5311fc1767ec,324
5b9ec87f-479a-422d-bf3f-a1d9c1c11d35,973
a99b2b8d-5dc5-4719-9f0a-56970dce5f3f,357
fd58a5e2-9a3b-4b5a-9968-f1338db71afc,494
d0732845-7c5a-4ac1-8240-55fa84902911,631
0165f872-a658-4516-9416-f58e2a2dc547,262
2bba6bb5-1bf4-4944-a06b-8f5fa718713c,757
12cf7eb8-d4ff-4760-9842-1f77fc1b0266,166
ed306c26-a83c-42a7-8cf4-64f5cbb4b5b8,342
10684a06-2079-4527-bf0f-5a0f43b2bf74,214
a53af843-7cf3-4323-86a0-ca59932d4c0d,443
b5eafe58-98a7-4611-9751-7744ba41b849,560
e274edbd-81d3-491e-bec9-798a40e55eee,957
c60db409-e702-4cff-b633-ed0e90624993,368
6839e657-c53a-4ae2-8cd6-b0f20f35f6ab,410
95a3c3ba-8946-49c6-a5ab-5ea69e8bb16d,509
f5a36487-cdf1-4912-8c66-26c2bc3fb81d,766
f0c710a5-fc5f-4048-b607-601ab4abb2c3,985
5639a24b-a8e9-4ccc-a664-a0ad61c46953,797
e4bcf6d7-f0b8-4e48-8879-dd293df57694,621
594ed0a2-e412-4eb9-afb7-e02b7fb60cd7,275
5f23ee44-9c10-4ead-8720-7fdcb2fc1f9c,751
6d6d4cda-eb1f-4d9c-a89d-6b96ce2dd161,282
a21a7775-3724-41c2-936e-9b0daa9a070f,100
e7acb888-48e8-47d5-bd97-c363b5129cfc,531
aeaadb94-5ec4-45ec-89bf-49cc44eda12c,961
bb4340ca-c8e5-4f5a-a81d-b2531d2adfda,507
d21fad60-677f-4010-8cf2-76025ba882cd,797
88c75e85-8d0c-4352-b2ad-b0796778fe90,795
36fa557f-fcaf-491b-a0f6-464c82edbbcb,726
2f1449ba-a547-469a-9123-f98f85f8ad07,154
ef62d6e4-0f53-450e-9cec-9723cf4e5251,554
d70a4165-a437-4f1e-ae60-413b289bf971,848
47d62ef0-3d8c-4604-83cc-a1a9a9f0118d,618
16b172af-def8-4e3e-ba2d-84b18f53cea9,257
81a26201-c11b-40a2-b75d-8bd3ff106960,506
c7a96ba9-5e50-4dc9-a903-1ac375443e1c,972
4d5fa678-d045-424b-83f7-413a49944a2e,312
